CREATE TABLE candidate (
    candidate_id INTEGER PRIMARY KEY AUTOINCREMENT,
    career_objective TEXT,
    address TEXT
);

CREATE TABLE education (
    edu_id INTEGER PRIMARY KEY AUTOINCREMENT,
    candidate_id INTEGER,
    institution_name TEXT,
    degree_name TEXT,
    passing_year TEXT,
    grade TEXT,
    grade_type TEXT,
    major TEXT,
    FOREIGN KEY (candidate_id) REFERENCES candidate(candidate_id)
);

CREATE TABLE experience (
    exp_id INTEGER PRIMARY KEY AUTOINCREMENT,
    candidate_id INTEGER,
    company_name TEXT,
    position TEXT,
    location TEXT,
    start_date TEXT,
    end_date TEXT,
    related_skills TEXT,
    responsibilities TEXT,
    FOREIGN KEY (candidate_id) REFERENCES candidate(candidate_id)
);


INSERT INTO candidate VALUES (1, 'To contribute to AI research in a forward-thinking company.', 'USNS Acevedo, FPO AP 67803');
INSERT INTO candidate VALUES (2, 'To work in a dynamic environment that fosters growth and innovation.', '0180 Judith Divide Suite 944, North Melissa, WY 93793');
INSERT INTO candidate VALUES (3, 'To contribute to AI research in a forward-thinking company.', '8658 Shaw Ways, Rogersmouth, KS 92628');
INSERT INTO candidate VALUES (4, 'To obtain a challenging position in data science.', '68301 Kent Crest, East Joshuaton, DE 60766');
INSERT INTO candidate VALUES (5, 'To obtain a challenging position in data science.', 'USNV Bennett, FPO AP 75766');
INSERT INTO candidate VALUES (6, 'Seeking a role in software engineering to utilize my coding skills.', '04253 James Gardens, Zacharyberg, NE 02868');
INSERT INTO candidate VALUES (7, 'To work in a dynamic environment that fosters growth and innovation.', '7447 Torres Extensions Apt. 391, East Kathleen, NC 64242');
INSERT INTO candidate VALUES (8, 'Looking to apply analytical skills in a business intelligence role.', 'PSC 0226, Box 5876, APO AE 33981');
INSERT INTO candidate VALUES (9, 'To obtain a challenging position in data science.', '7062 Taylor Cliffs Suite 075, New Jeremystad, TX 82324');
INSERT INTO candidate VALUES (10, 'Looking to apply analytical skills in a business intelligence role.', '2272 Samantha Drive, Hamiltonville, WA 24177');
INSERT INTO candidate VALUES (11, 'To obtain a challenging position in data science.', '608 Rivas Islands Suite 624, West Bethanystad, NV 49254');
INSERT INTO candidate VALUES (12, 'To obtain a challenging position in data science.', '32679 Perry Port Apt. 504, North Heatherfort, PA 00679');
INSERT INTO candidate VALUES (13, 'To obtain a challenging position in data science.', '589 Bradley Port Apt. 873, South Kevin, WA 15506');
INSERT INTO candidate VALUES (14, 'Seeking a role in software engineering to utilize my coding skills.', '076 Erik Club, West Garyhaven, TX 02847');
INSERT INTO candidate VALUES (15, 'To contribute to AI research in a forward-thinking company.', '27902 Graves Rest, New Alexander, MS 70375');
INSERT INTO candidate VALUES (16, 'Seeking a role in software engineering to utilize my coding skills.', '34473 Lane Parks Apt. 742, Warnerport, TX 28698');
INSERT INTO candidate VALUES (17, 'To obtain a challenging position in data science.', 'PSC 3172, Box 5825, APO AP 50807');
INSERT INTO candidate VALUES (18, 'To contribute to AI research in a forward-thinking company.', '08410 Roach Valleys Apt. 100, Lake Michael, NM 40775');
INSERT INTO candidate VALUES (19, 'Seeking a role in software engineering to utilize my coding skills.', '2810 Roger Circles, Debrachester, WI 76175');
INSERT INTO candidate VALUES (20, 'To obtain a challenging position in data science.', '318 Cynthia Shore Apt. 548, Lynchmouth, AZ 77832');
INSERT INTO candidate VALUES (21, 'To obtain a challenging position in data science.', '0660 Rios Ramp, Masonshire, TX 93452');
INSERT INTO candidate VALUES (22, 'Looking to apply analytical skills in a business intelligence role.', '18119 Morgan Union Suite 718, Joshuatown, TX 59582');
INSERT INTO candidate VALUES (23, 'To contribute to AI research in a forward-thinking company.', '31316 Gutierrez Cove, West Annville, CA 67304');
INSERT INTO candidate VALUES (24, 'Looking to apply analytical skills in a business intelligence role.', '82943 Christopher Crossing, West Alyssa, OH 15044');
INSERT INTO candidate VALUES (25, 'To contribute to AI research in a forward-thinking company.', 'Unit 4441 Box 6025, DPO AA 14106');
INSERT INTO candidate VALUES (26, 'To contribute to AI research in a forward-thinking company.', '3048 Tammy Ridge, West Erikaview, MN 68463');
INSERT INTO candidate VALUES (27, 'To obtain a challenging position in data science.', '1177 Randall Drive Suite 928, Parksfort, UT 46261');
INSERT INTO candidate VALUES (28, 'Seeking a role in software engineering to utilize my coding skills.', '49172 Jimenez Ways, Crystalfurt, CO 30692');
INSERT INTO candidate VALUES (29, 'To work in a dynamic environment that fosters growth and innovation.', '951 Merritt Forges, North Robertside, TN 07625');
INSERT INTO candidate VALUES (30, 'Seeking a role in software engineering to utilize my coding skills.', 'PSC 0561, Box 3717, APO AE 17789');
INSERT INTO candidate VALUES (31, 'To obtain a challenging position in data science.', '3093 Jimmy Village, East Barbara, GA 45133');
INSERT INTO candidate VALUES (32, 'Seeking a role in software engineering to utilize my coding skills.', '464 Montes Hollow, Lake Juanside, WA 70560');
INSERT INTO candidate VALUES (33, 'Looking to apply analytical skills in a business intelligence role.', 'USNS Cook, FPO AA 47214');
INSERT INTO candidate VALUES (34, 'Seeking a role in software engineering to utilize my coding skills.', 'USNV Graham, FPO AE 80440');
INSERT INTO candidate VALUES (35, 'To contribute to AI research in a forward-thinking company.', 'USNV Smith, FPO AE 01362');
INSERT INTO candidate VALUES (36, 'Looking to apply analytical skills in a business intelligence role.', 'Unit 0070 Box 6094, DPO AE 99583');
INSERT INTO candidate VALUES (37, 'To contribute to AI research in a forward-thinking company.', '80625 Baker Estates, Stevenport, KY 46741');
INSERT INTO candidate VALUES (38, 'Seeking a role in software engineering to utilize my coding skills.', '111 Elizabeth Greens Apt. 032, Christopherchester, NM 75252');
INSERT INTO candidate VALUES (39, 'To work in a dynamic environment that fosters growth and innovation.', '58162 Ruben Circles, New Laura, LA 93308');
INSERT INTO candidate VALUES (40, 'To obtain a challenging position in data science.', '2802 Thomas Motorway, South Catherine, CO 06551');
INSERT INTO candidate VALUES (41, 'Looking to apply analytical skills in a business intelligence role.', '500 Schneider Crossing Apt. 364, West Alyssaview, MD 11916');
INSERT INTO candidate VALUES (42, 'Looking to apply analytical skills in a business intelligence role.', '55988 Melissa Trail Suite 393, West Philiphaven, MD 33186');
INSERT INTO candidate VALUES (43, 'To contribute to AI research in a forward-thinking company.', '418 Bernard Rapid, Port Robertmouth, SC 19924');
INSERT INTO candidate VALUES (44, 'Seeking a role in software engineering to utilize my coding skills.', '7961 Mills Expressway Suite 398, Jonathanfort, MI 40168');
INSERT INTO candidate VALUES (45, 'To obtain a challenging position in data science.', '420 Meyer Alley Apt. 096, Mortonfort, NC 76326');
INSERT INTO candidate VALUES (46, 'Looking to apply analytical skills in a business intelligence role.', 'Unit 5978 Box 3854, DPO AA 33313');
INSERT INTO candidate VALUES (47, 'Looking to apply analytical skills in a business intelligence role.', '76536 Melissa Forges, Port Cheryl, WI 09825');
INSERT INTO candidate VALUES (48, 'To obtain a challenging position in data science.', '67733 Cory Parkway Suite 528, Lake Lindseyburgh, RI 11019');
INSERT INTO candidate VALUES (49, 'To work in a dynamic environment that fosters growth and innovation.', '146 Ellis Burg Suite 741, Brownmouth, AR 72740');
INSERT INTO candidate VALUES (50, 'To contribute to AI research in a forward-thinking company.', '90271 Hernandez Neck Suite 340, Port Jimmybury, NJ 38847');
INSERT INTO candidate VALUES (51, 'Seeking a role in software engineering to utilize my coding skills.', '1512 Cohen Place Apt. 235, North Ravenbury, RI 86122');
INSERT INTO candidate VALUES (52, 'To contribute to AI research in a forward-thinking company.', '7249 Lisa Lock, Port William, FL 67096');
INSERT INTO candidate VALUES (53, 'To work in a dynamic environment that fosters growth and innovation.', '920 Michelle Mews, Patriciaside, NV 35284');
INSERT INTO candidate VALUES (54, 'To work in a dynamic environment that fosters growth and innovation.', '8102 Douglas Stravenue Suite 977, Lake Andrew, SC 35979');
INSERT INTO candidate VALUES (55, 'To obtain a challenging position in data science.', '202 Nelson Squares Apt. 211, Castanedamouth, WV 85460');
INSERT INTO candidate VALUES (56, 'To contribute to AI research in a forward-thinking company.', '4806 Morgan Forks Apt. 708, Bartletttown, MN 55322');
INSERT INTO candidate VALUES (57, 'To obtain a challenging position in data science.', '2110 Lee Drive Apt. 434, Georgemouth, OH 12013');
INSERT INTO candidate VALUES (58, 'To work in a dynamic environment that fosters growth and innovation.', '33819 Michael Corners Suite 550, West Deannahaven, NH 31191');
INSERT INTO candidate VALUES (59, 'To work in a dynamic environment that fosters growth and innovation.', '473 Sutton Drive, South Kristinaland, MI 86327');
INSERT INTO candidate VALUES (60, 'Seeking a role in software engineering to utilize my coding skills.', '95420 Christopher Fords Suite 009, Burtonmouth, NC 57132');
INSERT INTO candidate VALUES (61, 'To contribute to AI research in a forward-thinking company.', '2134 Amy Flats, West Janicemouth, WV 92589');
INSERT INTO candidate VALUES (62, 'To work in a dynamic environment that fosters growth and innovation.', '323 Schneider Club Suite 077, Martinezport, DE 64905');
INSERT INTO candidate VALUES (63, 'Seeking a role in software engineering to utilize my coding skills.', '85395 Lisa Key, Lake Dianeburgh, IL 59355');
INSERT INTO candidate VALUES (64, 'To obtain a challenging position in data science.', 'Unit 1640 Box 8733, DPO AA 95839');
INSERT INTO candidate VALUES (65, 'To obtain a challenging position in data science.', '0459 Thompson Rapid, Port Sarah, SD 64383');
INSERT INTO candidate VALUES (66, 'To obtain a challenging position in data science.', '999 Cruz Radial, Jimmystad, MA 56374');
INSERT INTO candidate VALUES (67, 'To obtain a challenging position in data science.', '744 Herrera Course Suite 837, South Jerryland, WA 10250');
INSERT INTO candidate VALUES (68, 'To obtain a challenging position in data science.', '75951 Robinson Wells, South Timothymouth, CT 22673');
INSERT INTO candidate VALUES (69, 'Seeking a role in software engineering to utilize my coding skills.', '216 James Ridges Suite 308, Port Lori, IN 58980');
INSERT INTO candidate VALUES (70, 'To work in a dynamic environment that fosters growth and innovation.', '87014 Paul Ranch Suite 536, Pattersonchester, HI 72237');
INSERT INTO candidate VALUES (71, 'To obtain a challenging position in data science.', '34766 William Fields, Deborahchester, ID 86144');
INSERT INTO candidate VALUES (72, 'To work in a dynamic environment that fosters growth and innovation.', '721 David Land Apt. 414, Lorichester, WI 69983');
INSERT INTO candidate VALUES (73, 'To contribute to AI research in a forward-thinking company.', '266 William Cove, Butlerfurt, NV 06614');
INSERT INTO candidate VALUES (74, 'To contribute to AI research in a forward-thinking company.', '451 Ashley Ridges Apt. 411, South Alan, WV 22553');
INSERT INTO candidate VALUES (75, 'Looking to apply analytical skills in a business intelligence role.', '9799 Brown Village, Roseport, NM 39578');
INSERT INTO candidate VALUES (76, 'Seeking a role in software engineering to utilize my coding skills.', '3745 Matthew Inlet Suite 776, New Donaldbury, WV 98084');
INSERT INTO candidate VALUES (77, 'Seeking a role in software engineering to utilize my coding skills.', '1952 Fox Views, Port Juanberg, SD 80587');
INSERT INTO candidate VALUES (78, 'Seeking a role in software engineering to utilize my coding skills.', '61171 Lucas Lock Suite 496, Shaunstad, MO 30588');
INSERT INTO candidate VALUES (79, 'To contribute to AI research in a forward-thinking company.', '1936 Evans Islands, East Kevinstad, MD 15800');
INSERT INTO candidate VALUES (80, 'To obtain a challenging position in data science.', 'PSC 7487, Box 6498, APO AE 08343');
INSERT INTO candidate VALUES (81, 'Seeking a role in software engineering to utilize my coding skills.', '79706 Patricia Path Suite 993, Tiffanyfort, FL 87082');
INSERT INTO candidate VALUES (82, 'To obtain a challenging position in data science.', '298 Dominguez Fork Suite 198, South Priscillamouth, ND 22410');
INSERT INTO candidate VALUES (83, 'To work in a dynamic environment that fosters growth and innovation.', '46593 Graham Oval Apt. 147, Pagetown, IN 15328');
INSERT INTO candidate VALUES (84, 'Looking to apply analytical skills in a business intelligence role.', 'PSC 8048, Box 4037, APO AA 67853');
INSERT INTO candidate VALUES (85, 'Seeking a role in software engineering to utilize my coding skills.', '3929 Rachel Point Suite 756, North Charlesmouth, DE 45243');
INSERT INTO candidate VALUES (86, 'Seeking a role in software engineering to utilize my coding skills.', '06847 Andrew Cove, Dennisbury, TX 43026');
INSERT INTO candidate VALUES (87, 'To work in a dynamic environment that fosters growth and innovation.', 'PSC 0337, Box 8212, APO AA 40168');
INSERT INTO candidate VALUES (88, 'To work in a dynamic environment that fosters growth and innovation.', '358 Lisa Ville Suite 709, Johnstad, AK 84973');
INSERT INTO candidate VALUES (89, 'To obtain a challenging position in data science.', '589 Cindy Loaf Apt. 000, South Troystad, TN 90134');
INSERT INTO candidate VALUES (90, 'Looking to apply analytical skills in a business intelligence role.', '8221 Christopher Groves Suite 452, Changmouth, DC 70480');
INSERT INTO candidate VALUES (91, 'Looking to apply analytical skills in a business intelligence role.', '59350 Daniels Crossing Apt. 906, Reedshire, CO 59786');
INSERT INTO candidate VALUES (92, 'To contribute to AI research in a forward-thinking company.', '853 James Springs Suite 939, South Heather, TX 46269');
INSERT INTO candidate VALUES (93, 'Looking to apply analytical skills in a business intelligence role.', '286 Anthony Mission Apt. 951, Craigmouth, CT 81510');
INSERT INTO candidate VALUES (94, 'To contribute to AI research in a forward-thinking company.', 'PSC 4666, Box 6148, APO AA 86362');
INSERT INTO candidate VALUES (95, 'Seeking a role in software engineering to utilize my coding skills.', '032 Novak Meadows Suite 445, New Angela, MT 91645');
INSERT INTO candidate VALUES (96, 'To work in a dynamic environment that fosters growth and innovation.', '187 Don Avenue Apt. 718, Bentleyhaven, MD 02674');
INSERT INTO candidate VALUES (97, 'To work in a dynamic environment that fosters growth and innovation.', '3358 Meza Forge Suite 782, West Helen, SD 76464');
INSERT INTO candidate VALUES (98, 'To work in a dynamic environment that fosters growth and innovation.', '954 Hopkins Inlet Apt. 104, Port Diana, TN 06379');
INSERT INTO candidate VALUES (99, 'To work in a dynamic environment that fosters growth and innovation.', '763 Jocelyn Key Apt. 208, Danaville, CT 62912');
INSERT INTO candidate VALUES (100, 'Looking to apply analytical skills in a business intelligence role.', '5356 John Freeway Apt. 508, Adamtown, MO 82206');



INSERT INTO education VALUES (1, '1', 'Peters, Kennedy and Andrade University', 'PhD', '2015', '3.42', 'GPA', 'Mechanical Engineering');
INSERT INTO education VALUES (2, '1', 'Holland-Fisher University', 'B.Sc', '2013', '84%', 'Percentage', 'Business Administration');
INSERT INTO education VALUES (3, '2', 'Dominguez, Watts and Gonzales University', 'M.Sc', '2017', '60%', 'Percentage', 'Computer Science');
INSERT INTO education VALUES (4, '2', 'Craig Inc University', 'M.Tech', '2018', 'Second Class', 'Class', 'Physics');
INSERT INTO education VALUES (5, '3', 'Patel PLC University', 'M.Tech', '2011', '2.47', 'GPA', 'Physics');
INSERT INTO education VALUES (6, '4', 'Ferrell and Sons University', 'M.Tech', '2014', '95%', 'Percentage', 'Computer Science');
INSERT INTO education VALUES (7, '4', 'King PLC University', 'PhD', '2018', '100%', 'Percentage', 'Computer Science');
INSERT INTO education VALUES (8, '5', 'Boyer, Hopkins and Wallace University', 'M.Sc', '2018', 'First Class', 'Class', 'Mathematics');
INSERT INTO education VALUES (9, '6', 'Hunter Ltd University', 'B.Sc', '2010', '3.67', 'GPA', 'Mathematics');
INSERT INTO education VALUES (10, '7', 'Jackson, Taylor and Weaver University', 'B.Tech', '2019', '64%', 'Percentage', 'Physics');
INSERT INTO education VALUES (11, '7', 'Pope-Everett University', 'PhD', '2024', '77%', 'Percentage', 'Mechanical Engineering');
INSERT INTO education VALUES (12, '8', 'Eaton-Todd University', 'B.Tech', '2021', '3.68', 'GPA', 'Mechanical Engineering');
INSERT INTO education VALUES (13, '8', 'May-Howard University', 'PhD', '2016', 'Distinction', 'Class', 'Mathematics');
INSERT INTO education VALUES (14, '9', 'Bowen, Lopez and Jenkins University', 'M.Tech', '2018', '96%', 'Percentage', 'Business Administration');
INSERT INTO education VALUES (15, '10', 'Santana and Sons University', 'B.Tech', '2020', 'Distinction', 'Class', 'Physics');
INSERT INTO education VALUES (16, '10', 'Lopez, Nichols and Fowler University', 'B.Tech', '2019', '93%', 'Percentage', 'Mechanical Engineering');
INSERT INTO education VALUES (17, '11', 'Harris-Carter University', 'B.Sc', '2020', '86%', 'Percentage', 'Physics');
INSERT INTO education VALUES (18, '11', 'Dyer-Mann University', 'B.Sc', '2021', '86%', 'Percentage', 'Mathematics');
INSERT INTO education VALUES (19, '12', 'Chan LLC University', 'B.Sc', '2011', '92%', 'Percentage', 'Physics');
INSERT INTO education VALUES (20, '13', 'Porter Inc University', 'M.Tech', '2016', '73%', 'Percentage', 'Physics');
INSERT INTO education VALUES (21, '13', 'Russell, Kim and Kelley University', 'B.Sc', '2021', 'Second Class', 'Class', 'Business Administration');
INSERT INTO education VALUES (22, '14', 'Andersen Ltd University', 'B.Sc', '2024', '2.8', 'GPA', 'Computer Science');
INSERT INTO education VALUES (23, '15', 'Carroll, Olson and Douglas University', 'M.Tech', '2017', 'First Class', 'Class', 'Mechanical Engineering');
INSERT INTO education VALUES (24, '15', 'Hayes-Marks University', 'B.Sc', '2015', '3.27', 'GPA', 'Mechanical Engineering');
INSERT INTO education VALUES (25, '16', 'Edwards-Morris University', 'M.Sc', '2024', '97%', 'Percentage', 'Mathematics');
INSERT INTO education VALUES (26, '16', 'Cruz-Pratt University', 'B.Sc', '2014', '2.3', 'GPA', 'Mathematics');
INSERT INTO education VALUES (27, '17', 'Potter-Schneider University', 'B.Sc', '2018', '2.12', 'GPA', 'Physics');
INSERT INTO education VALUES (28, '17', 'Monroe-Jackson University', 'B.Tech', '2016', '2.22', 'GPA', 'Business Administration');
INSERT INTO education VALUES (29, '18', 'Allen Inc University', 'B.Tech', '2021', '3.58', 'GPA', 'Mathematics');
INSERT INTO education VALUES (30, '18', 'Johnson, Henry and Pitts University', 'PhD', '2014', 'Second Class', 'Class', 'Computer Science');
INSERT INTO education VALUES (31, '19', 'Merritt, Murphy and Barker University', 'B.Tech', '2011', '82%', 'Percentage', 'Physics');
INSERT INTO education VALUES (32, '20', 'Roy and Sons University', 'B.Sc', '2017', '60%', 'Percentage', 'Mathematics');
INSERT INTO education VALUES (33, '20', 'Howard, Stephens and Mclean University', 'M.Tech', '2015', 'First Class', 'Class', 'Business Administration');
INSERT INTO education VALUES (34, '21', 'Wiley Group University', 'M.Tech', '2018', 'Distinction', 'Class', 'Physics');
INSERT INTO education VALUES (35, '21', 'Martinez, Johnson and Powell University', 'B.Tech', '2011', '3.4', 'GPA', 'Physics');
INSERT INTO education VALUES (36, '22', 'Hatfield, Macdonald and Hopkins University', 'M.Sc', '2010', 'Second Class', 'Class', 'Mathematics');
INSERT INTO education VALUES (37, '23', 'Cole, Miller and Wright University', 'PhD', '2017', '72%', 'Percentage', 'Physics');
INSERT INTO education VALUES (38, '24', 'Vaughan Inc University', 'M.Sc', '2012', '2.24', 'GPA', 'Mechanical Engineering');
INSERT INTO education VALUES (39, '25', 'Horn Ltd University', 'B.Tech', '2022', 'First Class', 'Class', 'Computer Science');
INSERT INTO education VALUES (40, '25', 'Martin-Key University', 'B.Sc', '2015', '87%', 'Percentage', 'Computer Science');
INSERT INTO education VALUES (41, '26', 'Cole Inc University', 'M.Tech', '2017', '3.08', 'GPA', 'Physics');
INSERT INTO education VALUES (42, '27', 'Swanson, Johnson and Ramsey University', 'M.Tech', '2024', 'First Class', 'Class', 'Computer Science');
INSERT INTO education VALUES (43, '27', 'Lopez, Clark and Fernandez University', 'M.Tech', '2020', '2.74', 'GPA', 'Business Administration');
INSERT INTO education VALUES (44, '28', 'Fletcher, Lee and Thompson University', 'M.Tech', '2014', '3.24', 'GPA', 'Mechanical Engineering');
INSERT INTO education VALUES (45, '29', 'Yates, Adams and Taylor University', 'B.Tech', '2024', '94%', 'Percentage', 'Physics');
INSERT INTO education VALUES (46, '29', 'Phillips, Bryant and Dalton University', 'M.Sc', '2010', 'Distinction', 'Class', 'Computer Science');
INSERT INTO education VALUES (47, '30', 'Kaiser LLC University', 'M.Tech', '2013', '84%', 'Percentage', 'Business Administration');
INSERT INTO education VALUES (48, '31', 'Dyer-Clements University', 'B.Tech', '2020', 'Second Class', 'Class', 'Computer Science');
INSERT INTO education VALUES (49, '32', 'Brown-Brooks University', 'B.Tech', '2023', 'Distinction', 'Class', 'Computer Science');
INSERT INTO education VALUES (50, '32', 'King-Patel University', 'M.Sc', '2022', 'First Class', 'Class', 'Business Administration');
INSERT INTO education VALUES (51, '33', 'Bell-Turner University', 'B.Sc', '2013', 'Distinction', 'Class', 'Mechanical Engineering');
INSERT INTO education VALUES (52, '34', 'Gibson PLC University', 'PhD', '2013', '84%', 'Percentage', 'Business Administration');
INSERT INTO education VALUES (53, '35', 'Henson Ltd University', 'B.Sc', '2011', '80%', 'Percentage', 'Computer Science');
INSERT INTO education VALUES (54, '36', 'Baldwin-Sandoval University', 'M.Tech', '2017', '85%', 'Percentage', 'Computer Science');
INSERT INTO education VALUES (55, '36', 'Henderson, Vaughn and Hernandez University', 'M.Sc', '2012', '2.13', 'GPA', 'Business Administration');
INSERT INTO education VALUES (56, '37', 'Ramsey-Levine University', 'B.Sc', '2014', '3.47', 'GPA', 'Computer Science');
INSERT INTO education VALUES (57, '38', 'Decker, Farmer and Hunt University', 'B.Tech', '2011', '100%', 'Percentage', 'Mechanical Engineering');
INSERT INTO education VALUES (58, '38', 'Morales, Nelson and Harrison University', 'B.Sc', '2018', 'First Class', 'Class', 'Mechanical Engineering');
INSERT INTO education VALUES (59, '39', 'Alvarado, Barron and Conrad University', 'PhD', '2010', '64%', 'Percentage', 'Mathematics');
INSERT INTO education VALUES (60, '40', 'Green Group University', 'PhD', '2023', '2.88', 'GPA', 'Mechanical Engineering');
INSERT INTO education VALUES (61, '41', 'Jones-King University', 'B.Sc', '2015', '64%', 'Percentage', 'Computer Science');
INSERT INTO education VALUES (62, '41', 'Meyers Inc University', 'B.Tech', '2010', '2.84', 'GPA', 'Computer Science');
INSERT INTO education VALUES (63, '42', 'Smith, Evans and Matthews University', 'M.Tech', '2019', '72%', 'Percentage', 'Mechanical Engineering');
INSERT INTO education VALUES (64, '42', 'Gonzalez PLC University', 'M.Sc', '2021', '3.31', 'GPA', 'Physics');
INSERT INTO education VALUES (65, '43', 'Sawyer Ltd University', 'B.Sc', '2019', '3.71', 'GPA', 'Mathematics');
INSERT INTO education VALUES (66, '44', 'Stokes-Joseph University', 'B.Sc', '2016', '98%', 'Percentage', 'Mechanical Engineering');
INSERT INTO education VALUES (67, '45', 'Horn, Duran and Torres University', 'PhD', '2010', '2.32', 'GPA', 'Mathematics');
INSERT INTO education VALUES (68, '45', 'Carney Group University', 'B.Tech', '2013', 'Second Class', 'Class', 'Business Administration');
INSERT INTO education VALUES (69, '46', 'Walker Group University', 'PhD', '2011', '94%', 'Percentage', 'Mathematics');
INSERT INTO education VALUES (70, '46', 'Buckley, Ali and Drake University', 'M.Tech', '2012', 'Second Class', 'Class', 'Physics');
INSERT INTO education VALUES (71, '47', 'Gonzalez LLC University', 'M.Tech', '2020', '91%', 'Percentage', 'Business Administration');
INSERT INTO education VALUES (72, '47', 'Robertson-Ford University', 'M.Tech', '2020', '3.35', 'GPA', 'Mechanical Engineering');
INSERT INTO education VALUES (73, '48', 'Lewis-Jackson University', 'B.Sc', '2010', 'Distinction', 'Class', 'Business Administration');
INSERT INTO education VALUES (74, '49', 'Schultz and Sons University', 'B.Sc', '2014', 'Distinction', 'Class', 'Business Administration');
INSERT INTO education VALUES (75, '49', 'Phillips LLC University', 'B.Sc', '2011', '91%', 'Percentage', 'Mathematics');
INSERT INTO education VALUES (76, '50', 'Rubio-Schmidt University', 'PhD', '2024', '3.46', 'GPA', 'Mechanical Engineering');
INSERT INTO education VALUES (77, '50', 'Tate, Maxwell and Chandler University', 'B.Sc', '2016', 'Distinction', 'Class', 'Mathematics');
INSERT INTO education VALUES (78, '51', 'Caldwell, Griffin and Lane University', 'M.Tech', '2021', '71%', 'Percentage', 'Mechanical Engineering');
INSERT INTO education VALUES (79, '52', 'Hoffman Inc University', 'B.Sc', '2017', '2.63', 'GPA', 'Mathematics');
INSERT INTO education VALUES (80, '53', 'Rodriguez, Oconnell and Sanchez University', 'PhD', '2011', 'Distinction', 'Class', 'Mathematics');
INSERT INTO education VALUES (81, '53', 'Perez-Hansen University', 'B.Sc', '2020', '2.28', 'GPA', 'Computer Science');
INSERT INTO education VALUES (82, '54', 'Dunlap, Hernandez and Baxter University', 'PhD', '2012', '89%', 'Percentage', 'Computer Science');
INSERT INTO education VALUES (83, '55', 'Smith LLC University', 'B.Sc', '2023', 'First Class', 'Class', 'Business Administration');
INSERT INTO education VALUES (84, '55', 'Rogers, Carter and Hoffman University', 'PhD', '2021', '3.73', 'GPA', 'Mathematics');
INSERT INTO education VALUES (85, '56', 'Myers Ltd University', 'PhD', '2017', 'Distinction', 'Class', 'Mechanical Engineering');
INSERT INTO education VALUES (86, '56', 'Sexton Inc University', 'PhD', '2010', '2.88', 'GPA', 'Physics');
INSERT INTO education VALUES (87, '57', 'Hobbs Inc University', 'M.Tech', '2023', '3.19', 'GPA', 'Business Administration');
INSERT INTO education VALUES (88, '57', 'Black, Brown and French University', 'B.Tech', '2014', 'Distinction', 'Class', 'Physics');
INSERT INTO education VALUES (89, '58', 'Perez, Wilkins and Wallace University', 'M.Tech', '2015', '87%', 'Percentage', 'Mechanical Engineering');
INSERT INTO education VALUES (90, '58', 'Flores-Mercer University', 'B.Tech', '2020', '94%', 'Percentage', 'Mathematics');
INSERT INTO education VALUES (91, '59', 'Costa-Pineda University', 'M.Tech', '2019', '72%', 'Percentage', 'Business Administration');
INSERT INTO education VALUES (92, '60', 'Sharp Ltd University', 'B.Sc', '2021', '3.71', 'GPA', 'Physics');
INSERT INTO education VALUES (93, '60', 'Hamilton, Harvey and Andrews University', 'B.Sc', '2022', '2.46', 'GPA', 'Physics');
INSERT INTO education VALUES (94, '61', 'Blackburn and Sons University', 'B.Tech', '2018', '97%', 'Percentage', 'Mechanical Engineering');
INSERT INTO education VALUES (95, '62', 'Bailey, Mejia and Holmes University', 'B.Tech', '2022', 'Second Class', 'Class', 'Computer Science');
INSERT INTO education VALUES (96, '63', 'Scott PLC University', 'M.Sc', '2021', '2.28', 'GPA', 'Mathematics');
INSERT INTO education VALUES (97, '64', 'Fox Group University', 'B.Sc', '2015', '96%', 'Percentage', 'Physics');
INSERT INTO education VALUES (98, '65', 'Hardin Group University', 'B.Tech', '2020', 'Second Class', 'Class', 'Business Administration');
INSERT INTO education VALUES (99, '65', 'Barrett, Doyle and Morris University', 'B.Tech', '2011', '90%', 'Percentage', 'Mechanical Engineering');
INSERT INTO education VALUES (100, '66', 'Richardson-Thomas University', 'PhD', '2011', '75%', 'Percentage', 'Business Administration');
INSERT INTO education VALUES (101, '66', 'King PLC University', 'M.Tech', '2024', 'First Class', 'Class', 'Business Administration');
INSERT INTO education VALUES (102, '67', 'Gordon Inc University', 'M.Sc', '2019', '3.54', 'GPA', 'Business Administration');
INSERT INTO education VALUES (103, '67', 'Cole, Fox and Case University', 'PhD', '2021', 'Second Class', 'Class', 'Computer Science');
INSERT INTO education VALUES (104, '68', 'Jacobs-Estrada University', 'PhD', '2018', '81%', 'Percentage', 'Physics');
INSERT INTO education VALUES (105, '68', 'Dougherty LLC University', 'M.Sc', '2019', '67%', 'Percentage', 'Business Administration');
INSERT INTO education VALUES (106, '69', 'Lopez, Zuniga and Ewing University', 'PhD', '2023', '67%', 'Percentage', 'Computer Science');
INSERT INTO education VALUES (107, '69', 'Mitchell, Peterson and Cervantes University', 'PhD', '2019', '82%', 'Percentage', 'Computer Science');
INSERT INTO education VALUES (108, '70', 'Barton-Atkinson University', 'B.Tech', '2021', '3.25', 'GPA', 'Business Administration');
INSERT INTO education VALUES (109, '70', 'Burnett-Wilson University', 'M.Tech', '2012', 'First Class', 'Class', 'Business Administration');
INSERT INTO education VALUES (110, '71', 'Taylor, Wright and Martinez University', 'B.Tech', '2023', 'First Class', 'Class', 'Mathematics');
INSERT INTO education VALUES (111, '72', 'Turner-Davis University', 'B.Sc', '2011', '96%', 'Percentage', 'Mathematics');
INSERT INTO education VALUES (112, '73', 'Lee-Greene University', 'M.Sc', '2024', '75%', 'Percentage', 'Mathematics');
INSERT INTO education VALUES (113, '74', 'Gibbs, Morales and Camacho University', 'B.Tech', '2021', '73%', 'Percentage', 'Mathematics');
INSERT INTO education VALUES (114, '74', 'Flores, Rogers and Brown University', 'B.Tech', '2010', '3.37', 'GPA', 'Physics');
INSERT INTO education VALUES (115, '75', 'Perez-Brown University', 'B.Tech', '2023', '2.93', 'GPA', 'Computer Science');
INSERT INTO education VALUES (116, '76', 'Foster-Alexander University', 'M.Sc', '2015', 'Second Class', 'Class', 'Computer Science');
INSERT INTO education VALUES (117, '76', 'Mendoza-Henderson University', 'PhD', '2020', '93%', 'Percentage', 'Business Administration');
INSERT INTO education VALUES (118, '77', 'Potter, Coleman and Ibarra University', 'M.Sc', '2014', '3.0', 'GPA', 'Mathematics');
INSERT INTO education VALUES (119, '77', 'Perry LLC University', 'PhD', '2012', '100%', 'Percentage', 'Business Administration');
INSERT INTO education VALUES (120, '78', 'Gray-Colon University', 'PhD', '2019', '3.01', 'GPA', 'Mathematics');
INSERT INTO education VALUES (121, '79', 'Murray-Carpenter University', 'B.Sc', '2024', '93%', 'Percentage', 'Mathematics');
INSERT INTO education VALUES (122, '79', 'James, Daugherty and Wolfe University', 'B.Sc', '2024', 'Second Class', 'Class', 'Computer Science');
INSERT INTO education VALUES (123, '80', 'Adams, Hampton and Benitez University', 'B.Tech', '2010', '78%', 'Percentage', 'Mathematics');
INSERT INTO education VALUES (124, '81', 'Johnson-Rowe University', 'M.Tech', '2022', '3.59', 'GPA', 'Mathematics');
INSERT INTO education VALUES (125, '82', 'Brown Inc University', 'B.Tech', '2018', '67%', 'Percentage', 'Business Administration');
INSERT INTO education VALUES (126, '83', 'Combs-Garcia University', 'M.Sc', '2012', '83%', 'Percentage', 'Mathematics');
INSERT INTO education VALUES (127, '83', 'Turner LLC University', 'M.Tech', '2015', 'Distinction', 'Class', 'Physics');
INSERT INTO education VALUES (128, '84', 'Brown, Brown and Wood University', 'M.Sc', '2024', '86%', 'Percentage', 'Computer Science');
INSERT INTO education VALUES (129, '85', 'Collins, Ayala and Hernandez University', 'B.Tech', '2022', '2.54', 'GPA', 'Business Administration');
INSERT INTO education VALUES (130, '86', 'Shaffer-Garcia University', 'B.Sc', '2012', '2.45', 'GPA', 'Business Administration');
INSERT INTO education VALUES (131, '86', 'Santiago, Martin and Davis University', 'B.Sc', '2010', 'First Class', 'Class', 'Computer Science');
INSERT INTO education VALUES (132, '87', 'Oconnell LLC University', 'M.Tech', '2014', 'Second Class', 'Class', 'Computer Science');
INSERT INTO education VALUES (133, '88', 'Wilson Inc University', 'PhD', '2014', 'Second Class', 'Class', 'Mathematics');
INSERT INTO education VALUES (134, '88', 'Patrick, Bailey and Jones University', 'M.Sc', '2024', '3.66', 'GPA', 'Mathematics');
INSERT INTO education VALUES (135, '89', 'Frey, Holt and Collins University', 'B.Sc', '2011', 'Distinction', 'Class', 'Mechanical Engineering');
INSERT INTO education VALUES (136, '90', 'Mathis, Kelley and Rivera University', 'B.Tech', '2019', '3.66', 'GPA', 'Physics');
INSERT INTO education VALUES (137, '90', 'Jacobs, Robinson and Gonzalez University', 'M.Sc', '2022', '2.18', 'GPA', 'Mathematics');
INSERT INTO education VALUES (138, '91', 'Smith PLC University', 'B.Tech', '2012', '99%', 'Percentage', 'Computer Science');
INSERT INTO education VALUES (139, '92', 'Dixon, Schultz and White University', 'B.Tech', '2016', '99%', 'Percentage', 'Mechanical Engineering');
INSERT INTO education VALUES (140, '92', 'Curtis, Wallace and Ayala University', 'PhD', '2016', 'Second Class', 'Class', 'Business Administration');
INSERT INTO education VALUES (141, '93', 'Smith and Sons University', 'B.Tech', '2021', '94%', 'Percentage', 'Computer Science');
INSERT INTO education VALUES (142, '94', 'Morgan PLC University', 'M.Tech', '2013', '86%', 'Percentage', 'Business Administration');
INSERT INTO education VALUES (143, '95', 'Knight-Thompson University', 'B.Sc', '2021', 'Distinction', 'Class', 'Physics');
INSERT INTO education VALUES (144, '96', 'Miller and Sons University', 'B.Sc', '2016', '81%', 'Percentage', 'Mechanical Engineering');
INSERT INTO education VALUES (145, '97', 'Navarro, Schultz and Medina University', 'B.Sc', '2013', '64%', 'Percentage', 'Computer Science');
INSERT INTO education VALUES (146, '98', 'Murphy, Page and Simpson University', 'B.Tech', '2016', 'Second Class', 'Class', 'Mechanical Engineering');
INSERT INTO education VALUES (147, '99', 'Castillo and Sons University', 'B.Tech', '2022', '2.24', 'GPA', 'Mechanical Engineering');
INSERT INTO education VALUES (148, '100', 'Griffin Inc University', 'M.Sc', '2021', '72%', 'Percentage', 'Physics');



INSERT INTO experience VALUES (1, '1', 'Thomas, Lam and Martin', 'Project Manager', 'Garciaberg', '2021-01', '2022-12', 'Excel, AWS, Python', 'Particular risk surface together experience stuff.');
INSERT INTO experience VALUES (2, '1', 'Bryan-Smith', 'System Administrator', 'Seanfurt', '2020-01', '2022-12', 'Java, SQL, Project Management', 'Property term more baby hospital seat door high interest.');
INSERT INTO experience VALUES (3, '2', 'Hughes-Burns', 'System Administrator', 'Lake Robertport', '2020-01', '2022-12', 'AWS, Python, Project Management', 'What traditional stock anything too even big explain.');
INSERT INTO experience VALUES (4, '3', 'Morris, Phillips and Jones', 'Software Engineer', 'East Coreyland', '2020-01', '2022-12', 'Excel, Java, Python', 'Wonder group skin piece cup culture beautiful check huge thus.');
INSERT INTO experience VALUES (5, '3', 'Hayden-Morse', 'Product Manager', 'South Mistyville', '2021-01', '2024-12', 'Project Management, SQL, Excel', 'Us get Congress week ball money fire.');
INSERT INTO experience VALUES (6, '4', 'Flores, Gonzales and Gallegos', 'Product Manager', 'East Amanda', '2020-01', '2022-12', 'Project Management, AWS, SQL', 'Contain expert image huge stuff tend red time charge special recently.');
INSERT INTO experience VALUES (7, '4', 'Bennett, Gibson and Garcia', 'Software Engineer', 'Whitakerland', '2022-01', '2023-12', 'Excel, Project Management, Java', 'Oil sound sort prove reason themselves avoid research risk born operation receive.');
INSERT INTO experience VALUES (8, '5', 'Munoz PLC', 'Data Analyst', 'South Bobbyshire', '2021-01', '2023-12', 'Excel, Machine Learning, Project Management', 'Hold specific according think sense foreign.');
INSERT INTO experience VALUES (9, '6', 'Thomas-Villarreal', 'Data Analyst', 'South Kristy', '2016-01', '2017-12', 'AWS, Java, SQL', 'Lose nor finish call in vote.');
INSERT INTO experience VALUES (10, '6', 'Wade Inc', 'Project Manager', 'North William', '2022-01', '2023-12', 'Java, AWS, SQL', 'Join size letter section maybe chair road.');
INSERT INTO experience VALUES (11, '7', 'Stanley, Mcconnell and Gallagher', 'Software Engineer', 'Nelsonshire', '2022-01', '2025-12', 'SQL, Project Management, Machine Learning', 'Particular challenge at group hard choice thing society make point president rise.');
INSERT INTO experience VALUES (12, '7', 'King Inc', 'Product Manager', 'South Davidstad', '2019-01', '2022-12', 'AWS, Python, SQL', 'Suffer out bag experience five say see same.');
INSERT INTO experience VALUES (13, '8', 'Stanley-Stone', 'Data Analyst', 'New Jason', '2020-01', '2022-12', 'Project Management, AWS, SQL', 'Section best occur coach stage well general think public administration.');
INSERT INTO experience VALUES (14, '8', 'Johnson, Mendoza and Case', 'Product Manager', 'Port Aimee', '2018-01', '2021-12', 'Java, SQL, Machine Learning', 'Trade former produce fast responsibility unit list so lot though.');
INSERT INTO experience VALUES (15, '9', 'Rogers, Jones and Owens', 'Data Analyst', 'New Paul', '2018-01', '2021-12', 'Python, Java, Project Management', 'Power everyone challenge local alone painting want.');
INSERT INTO experience VALUES (16, '9', 'Wilson Inc', 'Product Manager', 'New Justin', '2019-01', '2021-12', 'Java, Python, SQL', 'Open ask society plan food activity agreement health mean firm.');
INSERT INTO experience VALUES (17, '10', 'Anderson-Page', 'Project Manager', 'New Nicholasmouth', '2020-01', '2022-12', 'Project Management, SQL, Java', 'Meet case with now especially agency consider consider store response interest new begin.');
INSERT INTO experience VALUES (18, '10', 'White and Sons', 'System Administrator', 'Mcmahonberg', '2019-01', '2020-12', 'Excel, Project Management, AWS', 'Part appear after lawyer subject always learn close fast surface oil.');
INSERT INTO experience VALUES (19, '11', 'Rojas Ltd', 'Data Analyst', 'Kimberlyland', '2022-01', '2023-12', 'Python, Java, Project Management', 'Participant Mr staff door usually anyone former top chair.');
INSERT INTO experience VALUES (20, '12', 'Munoz-Hartman', 'System Administrator', 'South Russellview', '2016-01', '2019-12', 'AWS, Machine Learning, Excel', 'Story point staff attention break full citizen party most attention similar.');
INSERT INTO experience VALUES (21, '12', 'Walter, Valenzuela and Gonzalez', 'System Administrator', 'Craigmouth', '2018-01', '2019-12', 'AWS, Machine Learning, Excel', 'Apply study anyone choice degree feel save wish we present top.');
INSERT INTO experience VALUES (22, '13', 'Joseph-Schultz', 'Software Engineer', 'Robinsonside', '2017-01', '2019-12', 'SQL, Excel, Project Management', 'That husband positive physical your leader.');
INSERT INTO experience VALUES (23, '13', 'Pena-Kennedy', 'Software Engineer', 'East Christopher', '2021-01', '2022-12', 'Excel, Python, AWS', 'Involve raise financial production difficult blood style force everyone travel.');
INSERT INTO experience VALUES (24, '14', 'Dunlap-Thomas', 'Software Engineer', 'East Elizabeth', '2017-01', '2018-12', 'Python, SQL, Java', 'Player travel best bar teacher former skin technology break.');
INSERT INTO experience VALUES (25, '15', 'Allen, Smith and Woodard', 'Data Analyst', 'Grantborough', '2021-01', '2023-12', 'Project Management, Machine Learning, Python', 'Wrong story person those toward place pressure create data himself pressure.');
INSERT INTO experience VALUES (26, '15', 'Rodriguez LLC', 'System Administrator', 'Jennifertown', '2016-01', '2019-12', 'Excel, Machine Learning, SQL', 'Several win design system half positive room event type hard road.');
INSERT INTO experience VALUES (27, '16', 'Brown-Clark', 'Software Engineer', 'Ambershire', '2022-01', '2024-12', 'Python, Machine Learning, AWS', 'By the southern inside early cover live alone city help.');
INSERT INTO experience VALUES (28, '16', 'Ford, Rodriguez and Gilbert', 'Software Engineer', 'North Edgar', '2019-01', '2021-12', 'Excel, SQL, AWS', 'Debate police enjoy federal suggest hundred later there.');
INSERT INTO experience VALUES (29, '17', 'Curry, Martin and Holland', 'Data Analyst', 'Adrianfort', '2017-01', '2018-12', 'Machine Learning, Excel, Project Management', 'Past recent land let us war for.');
INSERT INTO experience VALUES (30, '17', 'Lamb, Lopez and Tucker', 'Data Analyst', 'Smithtown', '2022-01', '2024-12', 'Machine Learning, Excel, AWS', 'Tough his game either work guy white.');
INSERT INTO experience VALUES (31, '18', 'Peck, Williams and Watson', 'Project Manager', 'New Jasonshire', '2017-01', '2020-12', 'Project Management, SQL, Machine Learning', 'Involve a miss rather lose well.');
INSERT INTO experience VALUES (32, '18', 'Reyes, Archer and Barr', 'Product Manager', 'Wallaceberg', '2019-01', '2020-12', 'Excel, Python, SQL', 'Free full certainly success cut spring administration could consumer they road experience view.');
INSERT INTO experience VALUES (33, '19', 'Barry, Baker and Ferrell', 'Product Manager', 'Timothyville', '2022-01', '2025-12', 'Project Management, SQL, Excel', 'Another think series since everything large soon.');
INSERT INTO experience VALUES (34, '20', 'Bell-Richards', 'System Administrator', 'Andersonton', '2019-01', '2020-12', 'Java, AWS, Excel', 'Film throughout set debate society region.');
INSERT INTO experience VALUES (35, '21', 'Bernard, Stephens and Guerrero', 'Software Engineer', 'West Mary', '2019-01', '2020-12', 'Python, Project Management, SQL', 'Meet church though daughter color represent various development.');
INSERT INTO experience VALUES (36, '22', 'Chandler, Smith and Wright', 'Software Engineer', 'West Victoriaburgh', '2020-01', '2022-12', 'Project Management, Python, Machine Learning', 'Glass class today those task page again eye mind traditional career large action.');
INSERT INTO experience VALUES (37, '23', 'Walker LLC', 'Project Manager', 'East Alyssastad', '2019-01', '2020-12', 'Python, Machine Learning, Excel', 'Well through yet attention should skill base recently together bill type.');
INSERT INTO experience VALUES (38, '23', 'Young-Vargas', 'Project Manager', 'Port Elizabethbury', '2016-01', '2018-12', 'Project Management, SQL, Excel', 'Reach eight become baby each across above join wait bit send author.');
INSERT INTO experience VALUES (39, '24', 'Perez LLC', 'Product Manager', 'Brownville', '2020-01', '2021-12', 'Java, AWS, Machine Learning', 'While understand his animal our argue.');
INSERT INTO experience VALUES (40, '25', 'Martin-Murphy', 'Project Manager', 'Kevinmouth', '2019-01', '2022-12', 'Project Management, SQL, AWS', 'Week across yeah medical edge cause interest.');
INSERT INTO experience VALUES (41, '26', 'Wilson, Webster and Garrett', 'Data Analyst', 'Martintown', '2021-01', '2022-12', 'Excel, Python, Java', 'Quite government artist grow suggest focus lay cold drop moment after.');
INSERT INTO experience VALUES (42, '26', 'Young, Mullins and Williams', 'Data Analyst', 'Rojasland', '2020-01', '2022-12', 'AWS, Machine Learning, Python', 'Second wear civil poor machine opportunity.');
INSERT INTO experience VALUES (43, '27', 'Harrison-Sanchez', 'System Administrator', 'New Tina', '2020-01', '2022-12', 'Project Management, AWS, Java', 'Pay analysis country huge protect travel.');
INSERT INTO experience VALUES (44, '28', 'Collier and Sons', 'Data Analyst', 'East Veronicaburgh', '2020-01', '2022-12', 'Python, Project Management, AWS', 'Serve station western then baby author clear hair.');
INSERT INTO experience VALUES (45, '29', 'Campbell, Wright and Wells', 'System Administrator', 'North Christopher', '2022-01', '2024-12', 'AWS, Excel, Java', 'Must occur section without matter nor inside time president much.');
INSERT INTO experience VALUES (46, '29', 'Cruz, Ramos and Sutton', 'Software Engineer', 'North Jamesburgh', '2022-01', '2023-12', 'Machine Learning, SQL, AWS', 'Find only notice laugh future catch.');
INSERT INTO experience VALUES (47, '30', 'Pierce, Townsend and Jensen', 'Product Manager', 'Josephfurt', '2021-01', '2022-12', 'Python, SQL, AWS', 'Throughout business education cup improve paper public.');
INSERT INTO experience VALUES (48, '30', 'Wong, Rodriguez and Beard', 'Software Engineer', 'Medinahaven', '2022-01', '2025-12', 'SQL, Excel, Project Management', 'Can Mr still society hundred defense box half career stock indicate fine responsibility gas.');
INSERT INTO experience VALUES (49, '31', 'Jones-Rivera', 'System Administrator', 'East Lauren', '2021-01', '2024-12', 'Excel, AWS, Project Management', 'Trial type ready before peace seat stuff Republican forward thousand this respond.');
INSERT INTO experience VALUES (50, '32', 'Turner, Stewart and Flores', 'Software Engineer', 'Shawnshire', '2021-01', '2023-12', 'Machine Learning, Project Management, Excel', 'Activity customer hundred list three do.');
INSERT INTO experience VALUES (51, '33', 'Jordan Inc', 'Product Manager', 'Port Jon', '2016-01', '2018-12', 'Java, Excel, Machine Learning', 'Marriage notice impact here hard their buy note chair power approach whatever consider.');
INSERT INTO experience VALUES (52, '33', 'Hernandez and Sons', 'Project Manager', 'East Steve', '2015-01', '2018-12', 'Excel, Machine Learning, Java', 'Market we may sport type wife form laugh why leave pick usually.');
INSERT INTO experience VALUES (53, '34', 'Rodriguez and Sons', 'Project Manager', 'East Mary', '2016-01', '2018-12', 'SQL, Java, Excel', 'Bring security already participant seat nature expert fill trade may.');
INSERT INTO experience VALUES (54, '34', 'Maddox, Gonzalez and Evans', 'Project Manager', 'Clinefurt', '2018-01', '2020-12', 'AWS, Project Management, SQL', 'Little food memory guy each set scientist.');
INSERT INTO experience VALUES (55, '35', 'Pineda, Swanson and Gallagher', 'Data Analyst', 'Port Luisport', '2021-01', '2023-12', 'SQL, Project Management, Java', 'Fill outside positive church believe lose available let character.');
INSERT INTO experience VALUES (56, '35', 'Ramirez, Snyder and Mendoza', 'System Administrator', 'Gavinview', '2020-01', '2023-12', 'Python, Machine Learning, Excel', 'Yeah important own thought if town student represent think information benefit else likely.');
INSERT INTO experience VALUES (57, '36', 'Sosa and Sons', 'Product Manager', 'West Peggy', '2016-01', '2019-12', 'Project Management, Java, AWS', 'Should walk number so inside street bag page necessary only subject.');
INSERT INTO experience VALUES (58, '36', 'Figueroa, Ross and Jacobs', 'Software Engineer', 'Brendafort', '2015-01', '2017-12', 'Machine Learning, Project Management, SQL', 'Company level where if type assume against.');
INSERT INTO experience VALUES (59, '37', 'Phelps-Hernandez', 'Product Manager', 'Nicholasstad', '2015-01', '2017-12', 'Excel, Machine Learning, Java', 'View hard record if team data work important rather miss beyond attorney much.');
INSERT INTO experience VALUES (60, '38', 'Hayden and Sons', 'System Administrator', 'Jaclynfort', '2022-01', '2024-12', 'Python, Machine Learning, Excel', 'Guy traditional us thousand significant grow body itself.');
INSERT INTO experience VALUES (61, '39', 'Lyons-Ramsey', 'Product Manager', 'North Jason', '2022-01', '2023-12', 'Excel, Machine Learning, SQL', 'Turn drive action commercial international same final simple same.');
INSERT INTO experience VALUES (62, '39', 'Gray-Howell', 'Product Manager', 'East Brittany', '2021-01', '2024-12', 'Java, Python, Machine Learning', 'Quickly few must down stand other certainly bad spring.');
INSERT INTO experience VALUES (63, '40', 'Wilson, Austin and Rodriguez', 'Data Analyst', 'East Donna', '2018-01', '2021-12', 'AWS, Excel, Java', 'Provide serious next account draw court father.');
INSERT INTO experience VALUES (64, '40', 'Mcintosh-Hill', 'Product Manager', 'West Brittany', '2015-01', '2017-12', 'Excel, Machine Learning, AWS', 'Behavior argue though certainly maintain particularly beat picture research off agent.');
INSERT INTO experience VALUES (65, '41', 'Ingram-Young', 'Project Manager', 'Sanderston', '2019-01', '2020-12', 'SQL, Java, Project Management', 'Able explain less forget watch policy structure large economic.');
INSERT INTO experience VALUES (66, '41', 'Strong-Jackson', 'Software Engineer', 'New Aaron', '2018-01', '2020-12', 'Project Management, SQL, Java', 'Stand require kind feeling citizen list catch blood.');
INSERT INTO experience VALUES (67, '42', 'Edwards-Wallace', 'Data Analyst', 'West Justin', '2015-01', '2017-12', 'Machine Learning, Python, Java', 'Account imagine maintain guy similar Republican visit rock treatment dream call inside.');
INSERT INTO experience VALUES (68, '43', 'Rivera-Turner', 'System Administrator', 'Rachelberg', '2016-01', '2019-12', 'AWS, Excel, Java', 'Present address grow single everyone author staff design.');
INSERT INTO experience VALUES (69, '44', 'Walker-Rodriguez', 'Product Manager', 'Dustinfurt', '2017-01', '2019-12', 'Project Management, Machine Learning, Python', 'Protect identify baby happen thousand college.');
INSERT INTO experience VALUES (70, '45', 'Fuller Inc', 'System Administrator', 'Brendashire', '2018-01', '2020-12', 'Project Management, Java, AWS', 'Alone him baby cut focus available leader work decide page spring.');
INSERT INTO experience VALUES (71, '45', 'Oliver Inc', 'System Administrator', 'West Brianburgh', '2017-01', '2020-12', 'SQL, AWS, Project Management', 'Difficult approach fine help eye off.');
INSERT INTO experience VALUES (72, '46', 'Keller-Lee', 'Data Analyst', 'Sheltonshire', '2015-01', '2017-12', 'Python, Project Management, SQL', 'Person particular available moment watch water local.');
INSERT INTO experience VALUES (73, '47', 'Smith-Diaz', 'Project Manager', 'Catherineport', '2015-01', '2016-12', 'Project Management, Excel, AWS', 'Anyone final detail president quality alone pull forget.');
INSERT INTO experience VALUES (74, '47', 'Lyons Inc', 'System Administrator', 'Kennethfurt', '2020-01', '2021-12', 'Excel, Java, Project Management', 'First through brother rest hotel case receive challenge little.');
INSERT INTO experience VALUES (75, '48', 'Welch-Knight', 'Data Analyst', 'Donnaville', '2017-01', '2019-12', 'Project Management, Python, Java', 'Business full able figure late policy force.');
INSERT INTO experience VALUES (76, '48', 'Spence-White', 'Data Analyst', 'New Gregoryhaven', '2017-01', '2020-12', 'Machine Learning, Excel, AWS', 'Affect skin subject nor it product similar beat despite you.');
INSERT INTO experience VALUES (77, '49', 'Lopez-Roach', 'Data Analyst', 'New Garrettberg', '2022-01', '2024-12', 'Machine Learning, Excel, Python', 'Company gun three green concern current human sell.');
INSERT INTO experience VALUES (78, '49', 'Nunez, Patrick and Warren', 'Product Manager', 'Tamibury', '2015-01', '2018-12', 'Python, Project Management, Machine Learning', 'Seem parent idea American challenge may conference enjoy deep.');
INSERT INTO experience VALUES (79, '50', 'Hammond, Thompson and Ellis', 'Project Manager', 'Rhondatown', '2015-01', '2017-12', 'Machine Learning, SQL, AWS', 'Skill should assume decision threat card.');
INSERT INTO experience VALUES (80, '51', 'Schneider-Gonzalez', 'Software Engineer', 'South Rebecca', '2016-01', '2018-12', 'SQL, Project Management, AWS', 'Laugh until record how participant accept machine increase evening.');
INSERT INTO experience VALUES (81, '52', 'Gordon, Garcia and Mcclure', 'Software Engineer', 'Smallmouth', '2017-01', '2019-12', 'AWS, SQL, Excel', 'Director ok ability remain however message on view second enough society help good.');
INSERT INTO experience VALUES (82, '53', 'Navarro-Davis', 'Project Manager', 'Vasquezshire', '2022-01', '2025-12', 'AWS, Excel, Python', 'Stuff wonder resource fall sit land.');
INSERT INTO experience VALUES (83, '53', 'Luna, Harris and Colon', 'Data Analyst', 'Brooketon', '2022-01', '2025-12', 'Project Management, Python, Excel', 'Hear foot yes success statement decision my.');
INSERT INTO experience VALUES (84, '54', 'Reed LLC', 'System Administrator', 'Hernandezport', '2019-01', '2021-12', 'Project Management, Machine Learning, Java', 'Article street matter add head real.');
INSERT INTO experience VALUES (85, '54', 'Gilmore, Butler and Waters', 'Software Engineer', 'Brayview', '2016-01', '2018-12', 'Excel, Python, Machine Learning', 'Become it cut sound bad girl factor protect.');
INSERT INTO experience VALUES (86, '55', 'Downs, Mccormick and Anderson', 'Product Manager', 'New Aaronmouth', '2015-01', '2017-12', 'Excel, Project Management, Python', 'Give challenge yet another toward body free natural bed cost stock.');
INSERT INTO experience VALUES (87, '56', 'Marquez-Hill', 'Software Engineer', 'Scottburgh', '2015-01', '2016-12', 'Excel, Project Management, Machine Learning', 'Series spend drug opportunity person section education million across right.');
INSERT INTO experience VALUES (88, '56', 'Harvey and Sons', 'System Administrator', 'South Janet', '2020-01', '2023-12', 'AWS, Python, Machine Learning', 'Language space father town many response successful identify newspaper artist maintain.');
INSERT INTO experience VALUES (89, '57', 'Barnes, Arellano and Snyder', 'Product Manager', 'New Michael', '2019-01', '2022-12', 'SQL, Python, Excel', 'Level capital return interesting future become save effect without charge establish significant.');
INSERT INTO experience VALUES (90, '58', 'Arellano, Gibbs and Bowers', 'Project Manager', 'Loweshire', '2019-01', '2021-12', 'SQL, Excel, Machine Learning', 'Perhaps just help bag federal feel could.');
INSERT INTO experience VALUES (91, '58', 'Parks Inc', 'Data Analyst', 'New Jeffery', '2020-01', '2021-12', 'Excel, AWS, Java', 'Different natural poor whom describe offer charge none in exactly despite.');
INSERT INTO experience VALUES (92, '59', 'Wood, Smith and Mays', 'Project Manager', 'Thompsonfurt', '2022-01', '2023-12', 'SQL, Python, AWS', 'Throughout level system current suddenly expect your future pass activity phone let.');
INSERT INTO experience VALUES (93, '60', 'Murray, Smith and Abbott', 'Product Manager', 'East Donnatown', '2017-01', '2019-12', 'Python, Project Management, SQL', 'Cup professor compare here offer occur peace.');
INSERT INTO experience VALUES (94, '60', 'Murray LLC', 'Data Analyst', 'Beckside', '2020-01', '2021-12', 'SQL, AWS, Machine Learning', 'Must become ability hour hotel husband raise.');
INSERT INTO experience VALUES (95, '61', 'Thomas, Thornton and Valencia', 'Software Engineer', 'Leeland', '2020-01', '2023-12', 'Machine Learning, AWS, Project Management', 'Check stay west growth along beat Congress ahead whatever real option speech.');
INSERT INTO experience VALUES (96, '61', 'Norris, Williams and Garcia', 'Software Engineer', 'West Jennifer', '2021-01', '2023-12', 'Java, Project Management, Excel', 'That necessary paper above whatever option.');
INSERT INTO experience VALUES (97, '62', 'Kelley LLC', 'Project Manager', 'North Reginaville', '2016-01', '2019-12', 'SQL, Java, Python', 'Trouble drug back admit event whatever who floor heart site.');
INSERT INTO experience VALUES (98, '62', 'Anderson PLC', 'Product Manager', 'North Tyler', '2019-01', '2021-12', 'Excel, Python, AWS', 'We in help treatment especially why.');
INSERT INTO experience VALUES (99, '63', 'Sparks-Case', 'Data Analyst', 'West Samuel', '2021-01', '2022-12', 'Excel, Python, Project Management', 'Race include mind everything reality film player trip season least lot.');
INSERT INTO experience VALUES (100, '64', 'Pierce, Oliver and Richmond', 'Project Manager', 'Rogersside', '2017-01', '2019-12', 'Excel, Python, SQL', 'Left government relate pass character what.');
INSERT INTO experience VALUES (101, '64', 'Miranda, Lewis and Brown', 'Product Manager', 'South Elizabeth', '2022-01', '2024-12', 'Machine Learning, Java, Python', 'Sort study short southern conference size raise soon sound age.');
INSERT INTO experience VALUES (102, '65', 'Rivera Ltd', 'Data Analyst', 'Lake Richardfort', '2017-01', '2019-12', 'SQL, Machine Learning, Project Management', 'Performance notice guy edge laugh science personal head reason another fill.');
INSERT INTO experience VALUES (103, '66', 'Hill-Sheppard', 'Project Manager', 'Jameston', '2021-01', '2023-12', 'AWS, SQL, Java', 'Task toward commercial effect range field least his pass.');
INSERT INTO experience VALUES (104, '66', 'Scott-Boyd', 'Product Manager', 'Marissaland', '2019-01', '2022-12', 'Project Management, Excel, Python', 'Provide author small religious manage put near.');
INSERT INTO experience VALUES (105, '67', 'Lopez Inc', 'Project Manager', 'Lake Derrick', '2018-01', '2019-12', 'Python, SQL, Machine Learning', 'Manage glass modern thank her apply his strong music with avoid finally specific.');
INSERT INTO experience VALUES (106, '67', 'Miles, Ball and Crosby', 'Project Manager', 'Bridgetport', '2017-01', '2020-12', 'Project Management, Java, Python', 'Worker loss attack election response view.');
INSERT INTO experience VALUES (107, '68', 'Brady-Anderson', 'System Administrator', 'Port Jamesmouth', '2018-01', '2021-12', 'Excel, Java, Project Management', 'Authority owner all reveal catch cultural feeling continue air nature teach me behind relate.');
INSERT INTO experience VALUES (108, '69', 'Mahoney, Moss and Miller', 'Project Manager', 'Mauricemouth', '2018-01', '2021-12', 'Python, SQL, AWS', 'Size possible evidence people collection total listen.');
INSERT INTO experience VALUES (109, '70', 'Garner Group', 'Data Analyst', 'West Melissaberg', '2020-01', '2022-12', 'Project Management, Excel, AWS', 'Whatever admit talk on high maintain next trouble.');
INSERT INTO experience VALUES (110, '71', 'Ortiz PLC', 'Project Manager', 'Tonybury', '2015-01', '2017-12', 'SQL, Java, Python', 'Republican day inside every seek decision growth start much discussion else it fire.');
INSERT INTO experience VALUES (111, '72', 'West-Rice', 'Software Engineer', 'Drakefurt', '2021-01', '2022-12', 'Machine Learning, Python, Project Management', 'Public including majority city year trip.');
INSERT INTO experience VALUES (112, '72', 'Bradley, Johnson and Johnson', 'Software Engineer', 'Hatfieldtown', '2018-01', '2019-12', 'Java, AWS, Python', 'Sometimes process former third station reflect glass financial.');
INSERT INTO experience VALUES (113, '73', 'Thomas, Smith and Lee', 'System Administrator', 'West Danielleville', '2020-01', '2021-12', 'Excel, SQL, AWS', 'Forget firm and worker think kind.');
INSERT INTO experience VALUES (114, '74', 'Torres-Vega', 'Data Analyst', 'North Edward', '2021-01', '2022-12', 'SQL, Excel, Python', 'Grow civil federal career international production shake painting whether message across effect actually.');
INSERT INTO experience VALUES (115, '75', 'Soto-Harper', 'System Administrator', 'Maryfort', '2016-01', '2017-12', 'Excel, SQL, Project Management', 'Forward building size society culture another food rule compare leg point strong stop.');
INSERT INTO experience VALUES (116, '75', 'Jones LLC', 'Project Manager', 'Carneystad', '2021-01', '2024-12', 'AWS, Machine Learning, Python', 'Include body tell seven later lawyer thing lead activity view.');
INSERT INTO experience VALUES (117, '76', 'Collins Group', 'Project Manager', 'New Douglasside', '2018-01', '2021-12', 'Machine Learning, Java, Excel', 'Strong political bill community beautiful plant ask when environmental.');
INSERT INTO experience VALUES (118, '76', 'Butler-Chapman', 'Software Engineer', 'West Bettyburgh', '2022-01', '2024-12', 'Python, Java, AWS', 'Level maintain success product air compare weight stock relate recognize card.');
INSERT INTO experience VALUES (119, '77', 'Nunez and Sons', 'Data Analyst', 'Lisaside', '2017-01', '2018-12', 'AWS, Excel, Project Management', 'Fly truth Mrs force lay group sing white reason school kitchen official wind.');
INSERT INTO experience VALUES (120, '77', 'Nelson, Bell and Dean', 'Product Manager', 'North Tammymouth', '2020-01', '2023-12', 'Java, Project Management, Excel', 'Cell exist social side position main back board whole if much change less.');
INSERT INTO experience VALUES (121, '78', 'Rodriguez PLC', 'Data Analyst', 'Franklinmouth', '2019-01', '2020-12', 'AWS, Project Management, Machine Learning', 'Decision any so like research writer notice street evidence decide respond.');
INSERT INTO experience VALUES (122, '78', 'Watson, Huerta and Parrish', 'Project Manager', 'Port Robert', '2015-01', '2018-12', 'Project Management, AWS, Python', 'Raise fine deep think assume professional.');
INSERT INTO experience VALUES (123, '79', 'Ray, Hoover and Keller', 'Product Manager', 'Cabreramouth', '2015-01', '2017-12', 'Java, Machine Learning, Excel', 'Once strong official them rock discussion bed chair.');
INSERT INTO experience VALUES (124, '79', 'Lamb Inc', 'Data Analyst', 'North Brendamouth', '2015-01', '2018-12', 'AWS, Project Management, Python', 'Upon how executive trouble film consider leader executive history.');
INSERT INTO experience VALUES (125, '80', 'Owens PLC', 'Product Manager', 'Jacksonshire', '2019-01', '2021-12', 'SQL, Machine Learning, Excel', 'Often my both miss reality thought money society center who usually network.');
INSERT INTO experience VALUES (126, '80', 'Jensen LLC', 'Software Engineer', 'Williamsfurt', '2019-01', '2020-12', 'Excel, Python, Java', 'Organization sell anyone success than beautiful.');
INSERT INTO experience VALUES (127, '81', 'Nguyen Ltd', 'Project Manager', 'Alexanderland', '2019-01', '2021-12', 'Project Management, Java, Excel', 'Staff hold that weight skin help amount travel yard.');
INSERT INTO experience VALUES (128, '82', 'Reilly and Sons', 'Product Manager', 'East Stephanie', '2021-01', '2024-12', 'Python, AWS, Project Management', 'Environmental truth thing feeling represent analysis defense they century.');
INSERT INTO experience VALUES (129, '83', 'Norris, Bartlett and Navarro', 'Product Manager', 'East Brenda', '2018-01', '2020-12', 'Machine Learning, Java, SQL', 'Second bill total work probably different.');
INSERT INTO experience VALUES (130, '84', 'Martinez Ltd', 'Product Manager', 'Davidmouth', '2020-01', '2022-12', 'Java, Python, AWS', 'Surface growth should beautiful huge offer series because security.');
INSERT INTO experience VALUES (131, '85', 'Hale, Preston and Garcia', 'Software Engineer', 'South Rubenmouth', '2021-01', '2024-12', 'Excel, Project Management, Python', 'Cell end score religious Mrs probably.');
INSERT INTO experience VALUES (132, '86', 'Sullivan-Wilson', 'Data Analyst', 'Lake Brandonstad', '2020-01', '2021-12', 'Java, Python, SQL', 'Detail usually significant believe no dog music grow read discover fly forget.');
INSERT INTO experience VALUES (133, '87', 'Frye, Ortiz and Mcintosh', 'Product Manager', 'West Sheilahaven', '2020-01', '2023-12', 'Project Management, Excel, AWS', 'Front sound whom thousand ball group forget.');
INSERT INTO experience VALUES (134, '88', 'Burke PLC', 'System Administrator', 'South Nicole', '2019-01', '2021-12', 'Project Management, Excel, SQL', 'Lose everyone under process clear possible thousand.');
INSERT INTO experience VALUES (135, '88', 'Sanchez, Patton and Davies', 'Data Analyst', 'Fowlerfurt', '2021-01', '2023-12', 'AWS, Python, Java', 'People region camera at wish investment law offer traditional chance generation likely throughout.');
INSERT INTO experience VALUES (136, '89', 'Estrada-Montoya', 'Data Analyst', 'East Tanyastad', '2018-01', '2019-12', 'Java, Excel, Machine Learning', 'Second same clear next agent serious speech join.');
INSERT INTO experience VALUES (137, '89', 'Peterson-Cannon', 'Project Manager', 'Jonesshire', '2019-01', '2022-12', 'AWS, Machine Learning, Excel', 'Short will well task design deep shoulder arm customer question responsibility court.');
INSERT INTO experience VALUES (138, '90', 'Duke Inc', 'Software Engineer', 'South Carmenshire', '2022-01', '2025-12', 'AWS, Machine Learning, SQL', 'Camera pay size tax movement top low wear support rest loss again cut.');
INSERT INTO experience VALUES (139, '90', 'Taylor, Gonzales and Martinez', 'System Administrator', 'Brockmouth', '2021-01', '2024-12', 'Machine Learning, Project Management, AWS', 'Top voice after source happen newspaper doctor on rate call various should.');
INSERT INTO experience VALUES (140, '91', 'Hobbs, Jacobs and Daniels', 'Data Analyst', 'Lake Jorge', '2022-01', '2024-12', 'SQL, Java, Project Management', 'American month scientist grow together him even director begin.');
INSERT INTO experience VALUES (141, '91', 'Stevenson, Rivas and Torres', 'Project Manager', 'Port Tiffanyshire', '2020-01', '2021-12', 'SQL, Python, Project Management', 'Theory happen create it laugh language.');
INSERT INTO experience VALUES (142, '92', 'Berry, Guerrero and Hoffman', 'System Administrator', 'New Audrey', '2022-01', '2023-12', 'Machine Learning, Python, Project Management', 'Summer movement artist get customer police develop church thus consider generation.');
INSERT INTO experience VALUES (143, '92', 'Noble Group', 'Data Analyst', 'East Kathleenbury', '2021-01', '2023-12', 'Excel, Python, Java', 'Loss sure memory body here reality four day marriage ball us increase.');
INSERT INTO experience VALUES (144, '93', 'Taylor-Hines', 'Data Analyst', 'East Johnport', '2017-01', '2019-12', 'Project Management, Java, Machine Learning', 'Know at provide responsibility guy choose point amount service Republican wind fall commercial.');
INSERT INTO experience VALUES (145, '93', 'Carter-Moore', 'Product Manager', 'Jennifermouth', '2018-01', '2020-12', 'Machine Learning, AWS, Project Management', 'Week appear live trial charge capital season too manage fast continue.');
INSERT INTO experience VALUES (146, '94', 'Petersen LLC', 'Software Engineer', 'Bryanfurt', '2016-01', '2019-12', 'Excel, Machine Learning, Python', 'Knowledge number serious result interview right support clear out rest wish radio use.');
INSERT INTO experience VALUES (147, '94', 'Lee LLC', 'Product Manager', 'Lake Shaunfurt', '2022-01', '2023-12', 'Python, Java, AWS', 'History structure important manager lot picture challenge also.');
INSERT INTO experience VALUES (148, '95', 'Hoffman-Reeves', 'Software Engineer', 'Kevinfort', '2018-01', '2019-12', 'Project Management, Java, SQL', 'Control scene soldier air size audience might.');
INSERT INTO experience VALUES (149, '96', 'Snyder, Lopez and Armstrong', 'Data Analyst', 'Xavierstad', '2017-01', '2020-12', 'Machine Learning, AWS, Java', 'Some time cover assume us fire establish explain here woman.');
INSERT INTO experience VALUES (150, '97', 'Roberts, Obrien and Schneider', 'Data Analyst', 'Jerryborough', '2020-01', '2022-12', 'Machine Learning, Excel, Project Management', 'Oil she when but family factor final.');
INSERT INTO experience VALUES (151, '97', 'Morales Ltd', 'Data Analyst', 'New Colleen', '2020-01', '2022-12', 'Python, Java, Excel', 'Recently direction plan attorney right worker foreign.');
INSERT INTO experience VALUES (152, '98', 'Pope, Stephens and Garcia', 'Project Manager', 'North Desiree', '2017-01', '2020-12', 'Python, Project Management, AWS', 'Suddenly per participant year southern send up probably president.');
INSERT INTO experience VALUES (153, '98', 'Hudson-Alvarado', 'Data Analyst', 'Duncanview', '2020-01', '2022-12', 'Python, Excel, Java', 'Various behind ten health season soon voice brother eye movement forward bring act.');
INSERT INTO experience VALUES (154, '99', 'Stewart-Wong', 'Project Manager', 'East Kelsey', '2015-01', '2017-12', 'AWS, Java, SQL', 'Responsibility north serious just grow speak popular husband practice none color.');
INSERT INTO experience VALUES (155, '99', 'James-Gonzalez', 'Project Manager', 'Michaelshire', '2018-01', '2020-12', 'Java, Project Management, Machine Learning', 'After seat admit source adult thus him career attorney happy.');
INSERT INTO experience VALUES (156, '100', 'White, Barron and Boyle', 'Product Manager', 'Port Michael', '2015-01', '2018-12', 'Project Management, SQL, Python', 'Per picture first drive two source career.');